provider_id,provider_name,provider_type,state,avg_claim_amount,total_claims,fraud_rate,accreditation,years_active
PRV0001,Provider_1,Lab,NY,7847.4,2658,0.0739,None,10
PRV0002,Provider_2,Lab,CA,11985.04,1918,0.0411,AAAHC,22
PRV0003,Provider_3,Specialist,TX,4875.55,4870,0.1363,None,20
PRV0004,Provider_4,Hospital,IL,3314.4,2492,0.0622,None,28
PRV0005,Provider_5,Clinic,CA,11064.89,4525,0.1089,AAAHC,13
PRV0006,Provider_6,Lab,PA,14314.59,3528,0.1227,DNV,9
PRV0007,Provider_7,Specialist,NY,6323.13,4426,0.0164,DNV,17
PRV0008,Provider_8,Pharmacy,GA,10057.68,3096,0.0028,DNV,4
PRV0009,Provider_9,Hospital,IL,1250.49,3134,0.0273,None,29
PRV0010,Provider_10,Specialist,NC,9917.93,288,0.0494,JCAHO,7
PRV0011,Provider_11,Specialist,OH,2444.1,68,0.1402,None,20
PRV0012,Provider_12,Hospital,CA,13605.92,3891,0.1249,JCAHO,28
PRV0013,Provider_13,Lab,MI,10953.76,3261,0.0137,JCAHO,18
PRV0014,Provider_14,Clinic,FL,6619.86,3422,0.0816,None,5
PRV0015,Provider_15,Pharmacy,IL,8800.35,472,0.102,DNV,17
PRV0016,Provider_16,Lab,NY,9106.31,1210,0.0515,AAAHC,17
PRV0017,Provider_17,Pharmacy,IL,5510.25,3339,0.0357,None,1
PRV0018,Provider_18,Clinic,CA,14210.31,34,0.1327,AAAHC,10
PRV0019,Provider_19,Pharmacy,OH,6860.64,2332,0.0699,None,1
PRV0020,Provider_20,Pharmacy,IL,1672.88,860,0.0996,None,5
PRV0021,Provider_21,Clinic,FL,14285.34,4741,0.0241,DNV,25
PRV0022,Provider_22,Pharmacy,MI,11374.24,3765,0.0779,AAAHC,16
PRV0023,Provider_23,Clinic,TX,10336.3,2597,0.1064,JCAHO,19
PRV0024,Provider_24,Lab,MI,5705.05,2957,0.0384,None,27
PRV0025,Provider_25,Hospital,TX,9860.71,3733,0.1313,DNV,13
PRV0026,Provider_26,Specialist,TX,4587.16,525,0.1464,AAAHC,22
PRV0027,Provider_27,Clinic,MI,13061.43,2572,0.1201,DNV,10
PRV0028,Provider_28,Hospital,PA,6168.31,3775,0.1222,AAAHC,20
PRV0029,Provider_29,Hospital,GA,2980.87,4887,0.0106,AAAHC,23
PRV0030,Provider_30,Specialist,IL,6518.69,1897,0.0696,DNV,18
PRV0031,Provider_31,Specialist,OH,3856.34,772,0.0591,JCAHO,6
PRV0032,Provider_32,Lab,FL,6454.59,2932,0.0899,None,23
PRV0033,Provider_33,Specialist,GA,3581.35,841,0.1205,AAAHC,5
PRV0034,Provider_34,Hospital,TX,2955.05,66,0.1354,None,7
PRV0035,Provider_35,Specialist,MI,12162.86,498,0.1291,DNV,14
PRV0036,Provider_36,Pharmacy,NY,7560.36,618,0.103,DNV,2
PRV0037,Provider_37,Lab,NY,2235.98,4725,0.0491,JCAHO,21
PRV0038,Provider_38,Specialist,MI,9377.89,801,0.0235,None,16
PRV0039,Provider_39,Clinic,TX,2897.67,3969,0.0295,JCAHO,5
PRV0040,Provider_40,Clinic,NC,12411.49,335,0.0246,AAAHC,26
PRV0041,Provider_41,Hospital,NY,10511.55,3840,0.053,DNV,20
PRV0042,Provider_42,Lab,NY,9475.99,213,0.1331,None,11
PRV0043,Provider_43,Clinic,PA,2323.6,1218,0.0776,None,14
PRV0044,Provider_44,Lab,FL,1296.86,3390,0.0515,AAAHC,29
PRV0045,Provider_45,Pharmacy,OH,11874.34,3332,0.1131,AAAHC,16
PRV0046,Provider_46,Lab,PA,12160.29,2723,0.1382,None,15
PRV0047,Provider_47,Pharmacy,TX,10416.75,4078,0.1059,AAAHC,11
PRV0048,Provider_48,Clinic,TX,11989.5,2686,0.0066,DNV,26
PRV0049,Provider_49,Clinic,NY,5831.22,474,0.0669,None,26
PRV0050,Provider_50,Lab,IL,10773.25,4783,0.0943,AAAHC,22
PRV0051,Provider_51,Hospital,NC,1298.22,2543,0.0945,AAAHC,11
PRV0052,Provider_52,Lab,CA,7749.87,1814,0.0548,DNV,3
PRV0053,Provider_53,Lab,IL,12712.0,3933,0.038,JCAHO,29
PRV0054,Provider_54,Lab,FL,1472.51,1772,0.1326,JCAHO,2
PRV0055,Provider_55,Lab,OH,8740.39,3833,0.0813,JCAHO,13
PRV0056,Provider_56,Hospital,CA,14909.95,1059,0.0994,AAAHC,12
PRV0057,Provider_57,Clinic,PA,11324.2,4684,0.0384,AAAHC,24
PRV0058,Provider_58,Lab,OH,5570.89,2301,0.1445,DNV,7
PRV0059,Provider_59,Specialist,NC,4673.24,2257,0.0054,DNV,29
PRV0060,Provider_60,Clinic,IL,1571.38,358,0.0228,JCAHO,6
PRV0061,Provider_61,Specialist,TX,6730.53,3284,0.0456,None,27
PRV0062,Provider_62,Pharmacy,PA,12071.13,4518,0.0048,AAAHC,30
PRV0063,Provider_63,Pharmacy,PA,6994.31,1451,0.0413,None,1
PRV0064,Provider_64,Lab,IL,9087.03,349,0.067,JCAHO,22
PRV0065,Provider_65,Hospital,CA,10687.33,4007,0.1456,None,17
PRV0066,Provider_66,Specialist,MI,11201.57,4080,0.0298,AAAHC,26
PRV0067,Provider_67,Specialist,IL,12400.95,50,0.1114,AAAHC,1
PRV0068,Provider_68,Lab,MI,7557.86,3813,0.0677,JCAHO,13
PRV0069,Provider_69,Pharmacy,OH,5334.34,883,0.15,DNV,26
PRV0070,Provider_70,Lab,TX,4619.89,372,0.1141,None,5
PRV0071,Provider_71,Lab,GA,9182.74,2333,0.0874,JCAHO,8
PRV0072,Provider_72,Lab,PA,5476.39,2819,0.1212,JCAHO,27
PRV0073,Provider_73,Clinic,GA,9021.52,1153,0.0834,AAAHC,22
PRV0074,Provider_74,Hospital,NC,11110.87,1188,0.1202,None,14
PRV0075,Provider_75,Hospital,GA,5502.54,722,0.1472,JCAHO,23
PRV0076,Provider_76,Specialist,GA,5657.44,129,0.0894,None,12
PRV0077,Provider_77,Pharmacy,MI,14971.35,3776,0.1175,JCAHO,10
PRV0078,Provider_78,Specialist,MI,1088.54,502,0.0376,None,10
PRV0079,Provider_79,Specialist,TX,9447.61,3988,0.0341,AAAHC,12
PRV0080,Provider_80,Specialist,MI,13881.3,741,0.14,None,16
PRV0081,Provider_81,Specialist,NC,7256.85,1078,0.1372,AAAHC,8
PRV0082,Provider_82,Specialist,NY,10288.16,1752,0.0522,AAAHC,30
PRV0083,Provider_83,Lab,NY,11399.04,3658,0.1314,JCAHO,10
PRV0084,Provider_84,Clinic,CA,12325.98,1466,0.1452,DNV,17
PRV0085,Provider_85,Clinic,PA,6259.9,4170,0.0776,None,18
PRV0086,Provider_86,Clinic,FL,6491.17,1720,0.0174,JCAHO,4
PRV0087,Provider_87,Hospital,OH,13556.49,4177,0.0836,JCAHO,9
PRV0088,Provider_88,Lab,NC,5777.31,3234,0.12,DNV,16
PRV0089,Provider_89,Specialist,FL,11396.35,312,0.1027,DNV,30
PRV0090,Provider_90,Lab,NC,9359.91,1941,0.019,JCAHO,27
PRV0091,Provider_91,Pharmacy,MI,12927.21,82,0.0963,None,25
PRV0092,Provider_92,Specialist,GA,13588.26,4439,0.1076,DNV,16
PRV0093,Provider_93,Pharmacy,PA,5764.57,2905,0.0612,JCAHO,18
PRV0094,Provider_94,Lab,GA,14119.63,99,0.0315,DNV,26
PRV0095,Provider_95,Pharmacy,FL,9968.08,4584,0.1464,DNV,18
PRV0096,Provider_96,Clinic,OH,6997.7,3328,0.0589,DNV,16
PRV0097,Provider_97,Pharmacy,IL,1061.84,4970,0.0875,AAAHC,14
PRV0098,Provider_98,Hospital,FL,13659.59,632,0.0287,DNV,10
PRV0099,Provider_99,Pharmacy,OH,1875.94,1541,0.1015,AAAHC,25
PRV0100,Provider_100,Clinic,CA,12603.03,1189,0.1398,AAAHC,15
PRV0101,Provider_101,Specialist,NY,14444.46,3439,0.0431,None,2
PRV0102,Provider_102,Clinic,OH,3659.21,4878,0.145,DNV,6
PRV0103,Provider_103,Specialist,TX,2951.42,4066,0.0539,AAAHC,12
PRV0104,Provider_104,Lab,PA,7752.14,2904,0.0996,None,26
PRV0105,Provider_105,Hospital,PA,8968.23,2418,0.1066,AAAHC,14
PRV0106,Provider_106,Hospital,TX,2401.6,2322,0.0975,None,3
PRV0107,Provider_107,Specialist,MI,13279.45,575,0.017,None,11
PRV0108,Provider_108,Hospital,GA,7929.39,2630,0.0179,DNV,22
PRV0109,Provider_109,Pharmacy,TX,1718.43,3579,0.0356,JCAHO,6
PRV0110,Provider_110,Clinic,OH,3646.21,1873,0.0232,AAAHC,30
PRV0111,Provider_111,Specialist,NC,991.75,4380,0.0694,AAAHC,13
PRV0112,Provider_112,Pharmacy,OH,2452.87,1670,0.0652,DNV,7
PRV0113,Provider_113,Clinic,PA,10178.98,1801,0.1297,DNV,18
PRV0114,Provider_114,Clinic,NY,11639.9,799,0.0779,None,7
PRV0115,Provider_115,Hospital,MI,6192.2,595,0.0964,JCAHO,29
PRV0116,Provider_116,Hospital,PA,10799.44,2085,0.1424,JCAHO,26
PRV0117,Provider_117,Clinic,MI,2014.49,810,0.119,AAAHC,23
PRV0118,Provider_118,Specialist,OH,4366.47,2238,0.0922,DNV,20
PRV0119,Provider_119,Clinic,IL,10846.04,362,0.0735,AAAHC,18
PRV0120,Provider_120,Specialist,CA,1129.39,3340,0.0018,DNV,16
PRV0121,Provider_121,Lab,TX,14831.19,2732,0.1215,AAAHC,11
PRV0122,Provider_122,Clinic,MI,9649.47,2126,0.059,None,11
PRV0123,Provider_123,Lab,GA,10733.78,1988,0.0775,JCAHO,3
PRV0124,Provider_124,Specialist,IL,8043.74,4182,0.0218,None,3
PRV0125,Provider_125,Specialist,FL,7155.1,3773,0.0965,AAAHC,10
PRV0126,Provider_126,Lab,NC,14567.17,3283,0.0041,DNV,14
PRV0127,Provider_127,Clinic,IL,2810.17,2148,0.1136,DNV,22
PRV0128,Provider_128,Specialist,NC,3232.51,2020,0.0305,JCAHO,23
PRV0129,Provider_129,Lab,NC,1525.4,2571,0.0685,DNV,3
PRV0130,Provider_130,Lab,PA,2471.49,4655,0.1462,AAAHC,20
PRV0131,Provider_131,Specialist,IL,3669.46,3740,0.0605,JCAHO,14
PRV0132,Provider_132,Specialist,FL,1115.39,2404,0.0489,DNV,12
PRV0133,Provider_133,Lab,GA,3706.65,4346,0.1074,DNV,4
PRV0134,Provider_134,Pharmacy,NC,1149.93,4968,0.0264,AAAHC,15
PRV0135,Provider_135,Specialist,GA,14760.64,2547,0.1397,JCAHO,2
PRV0136,Provider_136,Lab,PA,851.59,2791,0.001,JCAHO,15
PRV0137,Provider_137,Specialist,TX,2339.17,4643,0.0831,JCAHO,19
PRV0138,Provider_138,Specialist,PA,2047.92,4468,0.1257,DNV,17
PRV0139,Provider_139,Lab,TX,11904.65,931,0.0358,DNV,24
PRV0140,Provider_140,Pharmacy,TX,12938.0,2755,0.0246,JCAHO,19
PRV0141,Provider_141,Lab,OH,13646.97,547,0.0538,DNV,24
PRV0142,Provider_142,Lab,PA,4780.99,3303,0.0738,None,28
PRV0143,Provider_143,Lab,NC,11741.23,4570,0.0998,DNV,4
PRV0144,Provider_144,Pharmacy,MI,10030.55,4418,0.0989,DNV,17
PRV0145,Provider_145,Specialist,GA,7602.21,1434,0.0914,JCAHO,27
PRV0146,Provider_146,Clinic,NY,11094.3,4318,0.09,AAAHC,19
PRV0147,Provider_147,Lab,FL,2088.94,1574,0.1276,DNV,21
PRV0148,Provider_148,Hospital,NC,13498.56,898,0.0644,JCAHO,15
PRV0149,Provider_149,Pharmacy,GA,4279.6,2410,0.0495,DNV,12
PRV0150,Provider_150,Clinic,FL,8089.56,4238,0.1407,JCAHO,29
PRV0151,Provider_151,Lab,NY,8178.56,3937,0.0666,AAAHC,13
PRV0152,Provider_152,Hospital,PA,5019.47,661,0.1304,DNV,22
PRV0153,Provider_153,Hospital,IL,2099.81,4327,0.0829,DNV,19
PRV0154,Provider_154,Specialist,FL,12321.77,252,0.0588,JCAHO,21
PRV0155,Provider_155,Lab,NY,7577.53,2318,0.087,AAAHC,23
PRV0156,Provider_156,Pharmacy,NY,14743.76,3267,0.08,JCAHO,4
PRV0157,Provider_157,Pharmacy,MI,3659.77,3496,0.1462,None,13
PRV0158,Provider_158,Lab,GA,5365.57,476,0.1474,DNV,10
PRV0159,Provider_159,Lab,NY,11333.29,4837,0.0518,JCAHO,18
PRV0160,Provider_160,Clinic,PA,14062.74,2814,0.0652,None,2
PRV0161,Provider_161,Lab,OH,14778.8,384,0.0946,AAAHC,21
PRV0162,Provider_162,Specialist,FL,5283.33,313,0.1433,None,29
PRV0163,Provider_163,Specialist,FL,9506.8,4825,0.0863,JCAHO,7
PRV0164,Provider_164,Lab,CA,9953.71,3553,0.0288,JCAHO,12
PRV0165,Provider_165,Hospital,PA,4719.6,4499,0.1039,DNV,24
PRV0166,Provider_166,Lab,OH,10588.34,2871,0.0981,None,21
PRV0167,Provider_167,Hospital,OH,13923.73,3779,0.0377,JCAHO,25
PRV0168,Provider_168,Clinic,TX,8773.12,4115,0.0606,DNV,1
PRV0169,Provider_169,Hospital,FL,10736.92,2203,0.0175,JCAHO,1
PRV0170,Provider_170,Hospital,FL,12345.7,586,0.0258,AAAHC,4
PRV0171,Provider_171,Clinic,OH,11617.85,3677,0.1478,DNV,29
PRV0172,Provider_172,Hospital,PA,11209.05,881,0.118,None,26
PRV0173,Provider_173,Lab,TX,13026.14,473,0.1192,None,6
PRV0174,Provider_174,Clinic,TX,1578.06,1963,0.0912,None,7
PRV0175,Provider_175,Clinic,MI,10676.83,465,0.0785,AAAHC,18
PRV0176,Provider_176,Lab,GA,8735.53,2336,0.0235,AAAHC,24
PRV0177,Provider_177,Pharmacy,CA,9054.22,3676,0.0446,JCAHO,3
PRV0178,Provider_178,Lab,OH,5055.78,2427,0.0392,JCAHO,14
PRV0179,Provider_179,Specialist,TX,10804.9,2253,0.0459,JCAHO,21
PRV0180,Provider_180,Lab,CA,13825.4,3923,0.0818,JCAHO,27
PRV0181,Provider_181,Pharmacy,GA,4616.95,2852,0.0157,None,1
PRV0182,Provider_182,Lab,TX,7364.02,731,0.0048,None,20
PRV0183,Provider_183,Hospital,OH,5932.85,2327,0.0197,None,17
PRV0184,Provider_184,Pharmacy,FL,13887.54,1892,0.0459,JCAHO,21
PRV0185,Provider_185,Hospital,GA,9903.45,470,0.1235,JCAHO,11
PRV0186,Provider_186,Pharmacy,PA,1864.11,1260,0.0576,AAAHC,21
PRV0187,Provider_187,Hospital,PA,11341.72,698,0.112,JCAHO,8
PRV0188,Provider_188,Pharmacy,OH,4372.66,1593,0.0399,JCAHO,22
PRV0189,Provider_189,Pharmacy,PA,12134.95,247,0.003,DNV,16
PRV0190,Provider_190,Clinic,GA,9257.86,1272,0.1226,DNV,11
PRV0191,Provider_191,Pharmacy,PA,10021.19,4460,0.0773,None,30
PRV0192,Provider_192,Pharmacy,OH,2726.38,3117,0.0114,DNV,25
PRV0193,Provider_193,Specialist,CA,6038.06,354,0.087,AAAHC,18
PRV0194,Provider_194,Lab,NY,5230.61,2719,0.0037,DNV,22
PRV0195,Provider_195,Specialist,NY,13170.57,3799,0.1207,AAAHC,27
PRV0196,Provider_196,Lab,MI,4445.57,4923,0.1216,DNV,12
PRV0197,Provider_197,Lab,NY,9732.09,1134,0.0053,DNV,27
PRV0198,Provider_198,Pharmacy,OH,2393.95,4347,0.0901,DNV,25
PRV0199,Provider_199,Clinic,OH,8576.54,651,0.0536,DNV,8
PRV0200,Provider_200,Specialist,OH,14969.07,1519,0.1392,AAAHC,22
PRV0201,Provider_201,Clinic,IL,6543.51,3187,0.1092,AAAHC,2
PRV0202,Provider_202,Hospital,OH,1268.37,161,0.1491,AAAHC,9
PRV0203,Provider_203,Specialist,NY,4056.9,2626,0.1498,DNV,3
PRV0204,Provider_204,Clinic,NY,1652.79,3660,0.0152,None,4
PRV0205,Provider_205,Hospital,CA,6303.55,994,0.1243,JCAHO,29
PRV0206,Provider_206,Pharmacy,IL,3924.55,1061,0.077,JCAHO,18
PRV0207,Provider_207,Specialist,NY,2921.57,1014,0.0664,None,17
PRV0208,Provider_208,Clinic,FL,11116.7,3107,0.1498,AAAHC,2
PRV0209,Provider_209,Pharmacy,GA,9570.38,4517,0.0942,DNV,4
PRV0210,Provider_210,Lab,FL,4854.14,2159,0.0505,AAAHC,26
PRV0211,Provider_211,Lab,MI,3010.51,641,0.0909,DNV,17
PRV0212,Provider_212,Lab,NY,2918.34,3325,0.1307,DNV,16
PRV0213,Provider_213,Clinic,TX,4792.39,95,0.1029,DNV,8
PRV0214,Provider_214,Pharmacy,TX,4127.36,62,0.1276,AAAHC,23
PRV0215,Provider_215,Pharmacy,NC,561.14,2737,0.0895,DNV,3
PRV0216,Provider_216,Lab,OH,11544.57,4318,0.028,None,1
PRV0217,Provider_217,Lab,PA,8920.63,1955,0.137,AAAHC,2
PRV0218,Provider_218,Specialist,PA,14212.96,3815,0.0104,None,10
PRV0219,Provider_219,Hospital,OH,13295.59,1441,0.1405,DNV,15
PRV0220,Provider_220,Pharmacy,NC,3294.74,1429,0.0937,AAAHC,26
PRV0221,Provider_221,Pharmacy,PA,3888.57,994,0.0801,DNV,5
PRV0222,Provider_222,Specialist,IL,3186.74,965,0.0834,DNV,9
PRV0223,Provider_223,Lab,MI,6333.08,4739,0.0109,JCAHO,16
PRV0224,Provider_224,Clinic,MI,1964.44,4614,0.0238,AAAHC,28
PRV0225,Provider_225,Specialist,PA,3914.47,3423,0.1062,AAAHC,22
PRV0226,Provider_226,Hospital,IL,11195.47,3291,0.004,DNV,23
PRV0227,Provider_227,Specialist,FL,7867.13,3073,0.148,None,17
PRV0228,Provider_228,Pharmacy,NC,5691.09,134,0.0651,None,7
PRV0229,Provider_229,Pharmacy,TX,11513.76,364,0.1046,DNV,6
PRV0230,Provider_230,Hospital,PA,9868.31,1789,0.0647,AAAHC,4
PRV0231,Provider_231,Lab,NY,1250.67,4009,0.0205,AAAHC,12
PRV0232,Provider_232,Specialist,GA,1196.25,3489,0.0384,JCAHO,19
PRV0233,Provider_233,Pharmacy,NC,4623.04,540,0.0934,JCAHO,25
PRV0234,Provider_234,Lab,OH,8979.97,1457,0.041,None,14
PRV0235,Provider_235,Hospital,MI,1405.83,1323,0.0736,JCAHO,26
PRV0236,Provider_236,Pharmacy,FL,2886.48,4138,0.0329,JCAHO,28
PRV0237,Provider_237,Specialist,GA,7689.37,1593,0.1296,JCAHO,21
PRV0238,Provider_238,Specialist,CA,976.49,1036,0.1266,JCAHO,30
PRV0239,Provider_239,Pharmacy,MI,3689.45,2459,0.0984,None,7
PRV0240,Provider_240,Clinic,MI,11582.19,250,0.1301,AAAHC,10
PRV0241,Provider_241,Clinic,IL,9480.31,764,0.0236,AAAHC,13
PRV0242,Provider_242,Hospital,NY,1033.28,2181,0.0969,AAAHC,19
PRV0243,Provider_243,Clinic,MI,1278.38,282,0.0689,DNV,13
PRV0244,Provider_244,Clinic,NY,3975.48,2687,0.042,AAAHC,10
PRV0245,Provider_245,Hospital,FL,3858.98,459,0.0348,AAAHC,8
PRV0246,Provider_246,Pharmacy,NY,622.75,2122,0.141,AAAHC,25
PRV0247,Provider_247,Specialist,OH,8301.57,4965,0.0519,DNV,2
PRV0248,Provider_248,Pharmacy,TX,14122.73,3823,0.133,JCAHO,29
PRV0249,Provider_249,Lab,FL,14470.0,4145,0.0075,DNV,26
PRV0250,Provider_250,Hospital,CA,1579.18,2436,0.1319,JCAHO,4
PRV0251,Provider_251,Hospital,NY,9789.26,1015,0.0058,JCAHO,28
PRV0252,Provider_252,Lab,OH,12341.7,2723,0.1488,AAAHC,2
PRV0253,Provider_253,Pharmacy,IL,13502.93,2588,0.1358,AAAHC,14
PRV0254,Provider_254,Pharmacy,NY,6674.3,2441,0.0676,DNV,21
PRV0255,Provider_255,Pharmacy,NC,10346.29,1418,0.0467,JCAHO,30
PRV0256,Provider_256,Clinic,TX,11176.21,3142,0.126,DNV,23
PRV0257,Provider_257,Clinic,TX,9636.93,3254,0.0267,AAAHC,9
PRV0258,Provider_258,Clinic,NC,4890.74,283,0.0325,JCAHO,29
PRV0259,Provider_259,Lab,MI,7992.49,4103,0.1144,DNV,8
PRV0260,Provider_260,Lab,NY,3623.88,4902,0.1408,JCAHO,17
PRV0261,Provider_261,Clinic,OH,6078.66,238,0.1489,DNV,9
PRV0262,Provider_262,Hospital,OH,6845.84,2287,0.0152,AAAHC,11
PRV0263,Provider_263,Clinic,GA,13806.3,3941,0.006,None,7
PRV0264,Provider_264,Clinic,NY,8294.61,2303,0.126,None,8
PRV0265,Provider_265,Specialist,TX,10983.6,4836,0.0046,AAAHC,4
PRV0266,Provider_266,Clinic,OH,5034.34,1028,0.1116,DNV,7
PRV0267,Provider_267,Lab,NY,7726.66,1795,0.0048,DNV,24
PRV0268,Provider_268,Hospital,CA,12507.91,2345,0.0374,DNV,14
PRV0269,Provider_269,Clinic,NC,4841.05,1392,0.0134,None,26
PRV0270,Provider_270,Hospital,CA,7006.14,242,0.1135,None,15
PRV0271,Provider_271,Pharmacy,FL,8694.32,4272,0.0332,DNV,6
PRV0272,Provider_272,Specialist,IL,12742.73,3316,0.1224,DNV,2
PRV0273,Provider_273,Hospital,IL,4173.82,4087,0.0724,JCAHO,8
PRV0274,Provider_274,Lab,OH,10955.68,194,0.062,None,28
PRV0275,Provider_275,Clinic,PA,8234.06,1725,0.1022,AAAHC,1
PRV0276,Provider_276,Lab,IL,12269.66,1440,0.1142,DNV,23
PRV0277,Provider_277,Specialist,PA,7740.93,4877,0.1384,AAAHC,26
PRV0278,Provider_278,Clinic,NC,4998.22,993,0.0658,DNV,16
PRV0279,Provider_279,Pharmacy,CA,11909.18,941,0.0878,JCAHO,21
PRV0280,Provider_280,Specialist,OH,10721.64,3098,0.0909,JCAHO,6
PRV0281,Provider_281,Lab,NY,1244.49,4774,0.0169,DNV,10
PRV0282,Provider_282,Pharmacy,NY,7484.44,347,0.0132,JCAHO,4
PRV0283,Provider_283,Lab,NY,1794.81,2434,0.0929,AAAHC,3
PRV0284,Provider_284,Specialist,CA,7805.58,207,0.0724,None,6
PRV0285,Provider_285,Specialist,NC,1390.88,1751,0.004,JCAHO,14
PRV0286,Provider_286,Hospital,CA,7126.13,4491,0.1123,None,24
PRV0287,Provider_287,Pharmacy,OH,3624.11,2718,0.0603,DNV,7
PRV0288,Provider_288,Lab,CA,13227.66,274,0.0694,AAAHC,27
PRV0289,Provider_289,Specialist,MI,4935.5,1246,0.0214,DNV,4
PRV0290,Provider_290,Pharmacy,OH,10698.82,3692,0.0097,None,15
PRV0291,Provider_291,Specialist,IL,3447.84,1232,0.1093,AAAHC,22
PRV0292,Provider_292,Clinic,NY,2778.5,1416,0.1076,JCAHO,6
PRV0293,Provider_293,Lab,PA,10543.93,502,0.0847,None,12
PRV0294,Provider_294,Pharmacy,NY,1426.54,2098,0.0281,DNV,20
PRV0295,Provider_295,Hospital,OH,12956.18,3005,0.1176,None,17
PRV0296,Provider_296,Specialist,GA,7093.24,4736,0.0986,JCAHO,28
PRV0297,Provider_297,Lab,NC,6107.34,205,0.1286,JCAHO,6
PRV0298,Provider_298,Clinic,NC,7591.21,2645,0.0784,JCAHO,27
PRV0299,Provider_299,Hospital,CA,9680.64,3531,0.0905,None,15
PRV0300,Provider_300,Clinic,CA,3228.03,4403,0.0948,DNV,10
PRV0301,Provider_301,Hospital,IL,7491.76,3051,0.012,DNV,11
PRV0302,Provider_302,Pharmacy,OH,3219.61,103,0.0217,DNV,30
PRV0303,Provider_303,Lab,PA,2134.13,4851,0.0898,JCAHO,7
PRV0304,Provider_304,Clinic,NC,14330.96,3732,0.0656,AAAHC,14
PRV0305,Provider_305,Lab,NY,5575.85,4994,0.1076,AAAHC,17
PRV0306,Provider_306,Lab,IL,3040.2,2101,0.073,DNV,29
PRV0307,Provider_307,Lab,IL,6932.46,1702,0.1385,DNV,1
PRV0308,Provider_308,Specialist,CA,4582.08,1373,0.0298,None,15
PRV0309,Provider_309,Specialist,CA,9299.7,259,0.1223,AAAHC,8
PRV0310,Provider_310,Specialist,NC,4116.63,823,0.0405,AAAHC,2
PRV0311,Provider_311,Hospital,CA,2036.07,1349,0.0584,JCAHO,18
PRV0312,Provider_312,Lab,FL,6361.67,1055,0.1305,AAAHC,12
PRV0313,Provider_313,Lab,NC,1161.67,4356,0.1124,DNV,6
PRV0314,Provider_314,Pharmacy,MI,13667.39,4965,0.0244,AAAHC,22
PRV0315,Provider_315,Lab,NC,12701.27,4562,0.0014,DNV,1
PRV0316,Provider_316,Specialist,NC,11502.56,921,0.0225,JCAHO,18
PRV0317,Provider_317,Pharmacy,FL,1931.02,349,0.069,DNV,11
PRV0318,Provider_318,Pharmacy,FL,631.77,4626,0.074,AAAHC,22
PRV0319,Provider_319,Clinic,GA,4216.04,4110,0.0446,JCAHO,7
PRV0320,Provider_320,Hospital,PA,10456.78,927,0.0009,AAAHC,18
PRV0321,Provider_321,Specialist,TX,12435.19,3596,0.0786,None,6
PRV0322,Provider_322,Pharmacy,OH,1917.08,1998,0.0186,None,6
PRV0323,Provider_323,Clinic,PA,11617.19,4485,0.1377,None,7
PRV0324,Provider_324,Hospital,NY,1643.02,448,0.0809,JCAHO,2
PRV0325,Provider_325,Clinic,NC,1321.46,590,0.1028,AAAHC,23
PRV0326,Provider_326,Lab,MI,5506.26,4050,0.1072,None,1
PRV0327,Provider_327,Specialist,NY,14720.94,3503,0.1324,AAAHC,25
PRV0328,Provider_328,Pharmacy,NC,2780.15,1063,0.0652,None,21
PRV0329,Provider_329,Lab,PA,5497.51,3723,0.0803,JCAHO,9
PRV0330,Provider_330,Hospital,OH,5846.63,4085,0.1264,AAAHC,22
PRV0331,Provider_331,Pharmacy,FL,11823.65,4645,0.1134,AAAHC,2
PRV0332,Provider_332,Lab,PA,630.42,1485,0.0076,None,22
PRV0333,Provider_333,Lab,CA,8299.66,4961,0.1484,DNV,5
PRV0334,Provider_334,Pharmacy,MI,6180.27,896,0.0068,DNV,11
PRV0335,Provider_335,Pharmacy,PA,4370.6,4455,0.0425,DNV,14
PRV0336,Provider_336,Lab,GA,3912.35,809,0.0147,JCAHO,22
PRV0337,Provider_337,Hospital,CA,9476.86,3959,0.0633,DNV,5
PRV0338,Provider_338,Clinic,FL,8376.45,2205,0.0526,JCAHO,14
PRV0339,Provider_339,Clinic,IL,6997.44,4124,0.1376,None,30
PRV0340,Provider_340,Pharmacy,TX,14573.42,2209,0.104,AAAHC,15
PRV0341,Provider_341,Specialist,NY,1583.51,3660,0.0934,JCAHO,9
PRV0342,Provider_342,Pharmacy,CA,9747.5,203,0.0636,JCAHO,4
PRV0343,Provider_343,Clinic,GA,6849.59,4953,0.051,JCAHO,12
PRV0344,Provider_344,Pharmacy,OH,549.45,648,0.1444,DNV,6
PRV0345,Provider_345,Pharmacy,PA,3700.02,2304,0.1458,AAAHC,9
PRV0346,Provider_346,Clinic,OH,10308.72,3622,0.0978,None,7
PRV0347,Provider_347,Pharmacy,NY,11793.64,4574,0.0366,AAAHC,7
PRV0348,Provider_348,Hospital,OH,5789.36,3129,0.1366,JCAHO,20
PRV0349,Provider_349,Clinic,FL,12071.63,4346,0.1352,JCAHO,18
PRV0350,Provider_350,Specialist,TX,1326.77,2056,0.0778,DNV,9
PRV0351,Provider_351,Pharmacy,FL,12054.93,2280,0.112,JCAHO,16
PRV0352,Provider_352,Lab,NC,5375.48,1970,0.0525,DNV,26
PRV0353,Provider_353,Lab,TX,12683.62,801,0.1107,DNV,11
PRV0354,Provider_354,Pharmacy,PA,3064.39,4861,0.0741,JCAHO,9
PRV0355,Provider_355,Pharmacy,PA,9776.07,3588,0.1105,JCAHO,22
PRV0356,Provider_356,Pharmacy,NC,10417.88,1923,0.0449,JCAHO,12
PRV0357,Provider_357,Pharmacy,IL,3373.42,367,0.0214,DNV,30
PRV0358,Provider_358,Clinic,MI,12670.41,1842,0.1002,None,9
PRV0359,Provider_359,Lab,PA,14487.84,3975,0.0688,DNV,18
PRV0360,Provider_360,Hospital,TX,12072.43,2941,0.043,None,16
PRV0361,Provider_361,Hospital,OH,6231.91,2130,0.0303,JCAHO,17
PRV0362,Provider_362,Lab,MI,5423.01,1272,0.089,DNV,5
PRV0363,Provider_363,Specialist,CA,13198.98,2524,0.0098,JCAHO,13
PRV0364,Provider_364,Specialist,OH,10197.08,1546,0.1444,None,29
PRV0365,Provider_365,Clinic,GA,7671.25,4345,0.1237,None,11
PRV0366,Provider_366,Clinic,OH,9957.13,4777,0.0977,JCAHO,1
PRV0367,Provider_367,Specialist,CA,13096.25,2687,0.0837,JCAHO,24
PRV0368,Provider_368,Specialist,FL,13270.5,1441,0.0993,JCAHO,15
PRV0369,Provider_369,Specialist,TX,1161.77,572,0.0502,None,25
PRV0370,Provider_370,Pharmacy,IL,8572.51,2290,0.0236,AAAHC,19
PRV0371,Provider_371,Clinic,IL,1928.68,2897,0.1386,None,1
PRV0372,Provider_372,Lab,FL,10709.18,4585,0.0312,AAAHC,15
PRV0373,Provider_373,Lab,NC,11457.52,3516,0.1373,AAAHC,14
PRV0374,Provider_374,Specialist,MI,1299.66,1094,0.1121,AAAHC,12
PRV0375,Provider_375,Lab,MI,2633.41,1263,0.1339,DNV,4
PRV0376,Provider_376,Pharmacy,TX,9716.96,34,0.1428,None,19
PRV0377,Provider_377,Specialist,OH,12501.04,1280,0.0763,DNV,27
PRV0378,Provider_378,Hospital,PA,723.25,1249,0.1497,None,11
PRV0379,Provider_379,Specialist,PA,9303.66,4636,0.0915,AAAHC,29
PRV0380,Provider_380,Hospital,MI,4136.86,3367,0.0025,DNV,22
PRV0381,Provider_381,Pharmacy,CA,4500.9,2620,0.0069,AAAHC,6
PRV0382,Provider_382,Lab,TX,975.0,783,0.0366,JCAHO,23
PRV0383,Provider_383,Hospital,PA,12608.93,1635,0.0684,None,21
PRV0384,Provider_384,Pharmacy,NY,651.01,485,0.1431,AAAHC,16
PRV0385,Provider_385,Lab,CA,3009.24,2433,0.0094,None,8
PRV0386,Provider_386,Pharmacy,OH,11823.36,4142,0.1411,None,8
PRV0387,Provider_387,Pharmacy,NC,2373.04,3168,0.0528,None,7
PRV0388,Provider_388,Clinic,OH,4986.3,4407,0.004,None,6
PRV0389,Provider_389,Lab,PA,1934.43,1937,0.0644,JCAHO,9
PRV0390,Provider_390,Clinic,GA,12738.27,1618,0.1027,JCAHO,30
PRV0391,Provider_391,Clinic,NY,14793.6,4156,0.0383,AAAHC,28
PRV0392,Provider_392,Clinic,MI,753.33,2494,0.0111,JCAHO,26
PRV0393,Provider_393,Pharmacy,TX,7592.57,2397,0.1087,None,15
PRV0394,Provider_394,Pharmacy,CA,11589.68,3460,0.0406,JCAHO,20
PRV0395,Provider_395,Specialist,PA,11735.55,1502,0.0441,DNV,19
PRV0396,Provider_396,Specialist,NY,11597.19,1670,0.019,DNV,12
PRV0397,Provider_397,Specialist,CA,2267.61,1177,0.0022,DNV,14
PRV0398,Provider_398,Pharmacy,PA,13041.41,3280,0.0015,DNV,24
PRV0399,Provider_399,Specialist,IL,14707.25,3174,0.1073,JCAHO,15
PRV0400,Provider_400,Clinic,PA,7255.29,2481,0.0539,AAAHC,22
PRV0401,Provider_401,Pharmacy,MI,7165.68,4438,0.0566,JCAHO,11
PRV0402,Provider_402,Pharmacy,GA,2725.25,4616,0.0453,DNV,15
PRV0403,Provider_403,Clinic,NY,2450.56,1855,0.0343,AAAHC,12
PRV0404,Provider_404,Lab,TX,6563.55,3321,0.0712,JCAHO,10
PRV0405,Provider_405,Pharmacy,NY,11686.22,1381,0.146,DNV,8
PRV0406,Provider_406,Hospital,MI,4282.19,3942,0.0681,None,22
PRV0407,Provider_407,Lab,CA,7195.4,559,0.1495,JCAHO,7
PRV0408,Provider_408,Lab,NC,2544.66,3812,0.0837,None,14
PRV0409,Provider_409,Hospital,OH,9192.23,4903,0.1467,JCAHO,6
PRV0410,Provider_410,Lab,IL,1951.19,2097,0.1148,AAAHC,16
PRV0411,Provider_411,Pharmacy,PA,625.53,244,0.0193,DNV,26
PRV0412,Provider_412,Clinic,IL,10350.7,4714,0.0241,JCAHO,19
PRV0413,Provider_413,Pharmacy,IL,5487.69,460,0.1391,DNV,2
PRV0414,Provider_414,Pharmacy,CA,1720.6,122,0.0423,DNV,17
PRV0415,Provider_415,Pharmacy,CA,8237.95,3008,0.0373,None,13
PRV0416,Provider_416,Pharmacy,FL,13972.39,3764,0.0281,JCAHO,26
PRV0417,Provider_417,Hospital,NY,1714.54,1802,0.0716,None,1
PRV0418,Provider_418,Lab,NY,13955.55,4236,0.0188,None,13
PRV0419,Provider_419,Clinic,PA,8541.51,3146,0.0456,JCAHO,8
PRV0420,Provider_420,Lab,GA,8784.12,3724,0.1143,JCAHO,3
PRV0421,Provider_421,Pharmacy,TX,14822.24,4426,0.0166,None,26
PRV0422,Provider_422,Clinic,TX,12844.45,2444,0.0297,DNV,18
PRV0423,Provider_423,Specialist,PA,5302.16,2935,0.0612,DNV,28
PRV0424,Provider_424,Hospital,IL,12806.28,3645,0.1351,DNV,25
PRV0425,Provider_425,Pharmacy,MI,8990.42,771,0.1442,DNV,30
PRV0426,Provider_426,Pharmacy,NY,5405.45,1927,0.1386,None,19
PRV0427,Provider_427,Hospital,IL,12000.64,4934,0.1302,None,20
PRV0428,Provider_428,Hospital,CA,1181.94,200,0.0876,None,12
PRV0429,Provider_429,Clinic,FL,7159.59,420,0.0303,JCAHO,17
PRV0430,Provider_430,Clinic,FL,9178.42,4369,0.003,None,30
PRV0431,Provider_431,Hospital,GA,13944.96,832,0.1357,JCAHO,5
PRV0432,Provider_432,Pharmacy,NC,4223.32,745,0.0522,DNV,6
PRV0433,Provider_433,Pharmacy,CA,6782.17,2154,0.0181,AAAHC,7
PRV0434,Provider_434,Pharmacy,CA,8975.17,1047,0.0623,JCAHO,5
PRV0435,Provider_435,Lab,FL,9997.09,4295,0.0117,AAAHC,19
PRV0436,Provider_436,Hospital,OH,14286.5,2330,0.0858,AAAHC,24
PRV0437,Provider_437,Clinic,PA,4997.17,958,0.1176,None,4
PRV0438,Provider_438,Pharmacy,NY,3689.31,4672,0.127,AAAHC,30
PRV0439,Provider_439,Specialist,FL,10818.05,3367,0.1315,None,11
PRV0440,Provider_440,Specialist,GA,14435.45,3942,0.0765,None,27
PRV0441,Provider_441,Pharmacy,FL,9640.76,138,0.0382,AAAHC,16
PRV0442,Provider_442,Specialist,MI,12908.28,714,0.1121,None,23
PRV0443,Provider_443,Pharmacy,TX,5918.38,3341,0.0774,DNV,8
PRV0444,Provider_444,Lab,GA,2590.39,133,0.0186,AAAHC,13
PRV0445,Provider_445,Lab,CA,7142.12,2449,0.1348,DNV,4
PRV0446,Provider_446,Pharmacy,NY,11021.42,1330,0.095,None,25
PRV0447,Provider_447,Pharmacy,FL,9694.89,2628,0.1318,DNV,7
PRV0448,Provider_448,Specialist,TX,11526.78,1730,0.059,AAAHC,11
PRV0449,Provider_449,Hospital,FL,10539.33,2961,0.1182,JCAHO,20
PRV0450,Provider_450,Hospital,PA,3177.43,3049,0.0021,DNV,9
PRV0451,Provider_451,Specialist,OH,12357.72,4343,0.1083,None,18
PRV0452,Provider_452,Pharmacy,MI,3574.12,1559,0.0202,AAAHC,14
PRV0453,Provider_453,Clinic,IL,6050.88,4981,0.0976,DNV,29
PRV0454,Provider_454,Hospital,FL,1731.83,3668,0.1355,DNV,12
PRV0455,Provider_455,Pharmacy,OH,9029.88,4975,0.0864,DNV,23
PRV0456,Provider_456,Clinic,IL,635.68,895,0.0698,DNV,28
PRV0457,Provider_457,Specialist,OH,3749.63,1592,0.0443,AAAHC,29
PRV0458,Provider_458,Lab,GA,11220.77,3520,0.0664,None,24
PRV0459,Provider_459,Specialist,FL,8135.82,862,0.0281,None,11
PRV0460,Provider_460,Clinic,NC,2299.64,81,0.0592,AAAHC,18
PRV0461,Provider_461,Pharmacy,NC,4027.15,3261,0.0644,AAAHC,17
PRV0462,Provider_462,Lab,PA,997.59,4745,0.0156,DNV,25
PRV0463,Provider_463,Clinic,NC,10940.3,4333,0.0479,AAAHC,3
PRV0464,Provider_464,Clinic,NC,4691.36,1337,0.0025,None,29
PRV0465,Provider_465,Clinic,CA,7775.95,4246,0.0895,None,13
PRV0466,Provider_466,Lab,CA,1447.15,3024,0.103,None,14
PRV0467,Provider_467,Specialist,CA,7791.82,4293,0.0539,JCAHO,15
PRV0468,Provider_468,Pharmacy,IL,7088.82,4865,0.14,AAAHC,30
PRV0469,Provider_469,Specialist,GA,5004.65,3585,0.0299,None,23
PRV0470,Provider_470,Lab,OH,5495.03,394,0.1344,None,6
PRV0471,Provider_471,Lab,TX,10895.98,4013,0.0756,JCAHO,20
PRV0472,Provider_472,Lab,FL,8882.58,641,0.0433,DNV,29
PRV0473,Provider_473,Lab,GA,9780.2,2935,0.1112,None,28
PRV0474,Provider_474,Clinic,NC,6785.6,4440,0.0644,DNV,4
PRV0475,Provider_475,Specialist,FL,11895.74,2844,0.0784,DNV,2
PRV0476,Provider_476,Specialist,MI,2369.53,4638,0.1402,JCAHO,19
PRV0477,Provider_477,Lab,TX,10242.0,1509,0.1457,AAAHC,3
PRV0478,Provider_478,Pharmacy,NC,1920.63,2229,0.061,DNV,18
PRV0479,Provider_479,Clinic,FL,12664.82,1930,0.0706,DNV,3
PRV0480,Provider_480,Clinic,TX,3358.6,2567,0.0363,None,10
PRV0481,Provider_481,Hospital,TX,12021.92,2994,0.043,AAAHC,8
PRV0482,Provider_482,Specialist,CA,1256.29,615,0.0242,AAAHC,20
PRV0483,Provider_483,Pharmacy,OH,6513.98,4002,0.0004,None,12
PRV0484,Provider_484,Pharmacy,IL,3471.39,1215,0.0586,None,17
PRV0485,Provider_485,Lab,NY,10964.2,412,0.0897,JCAHO,16
PRV0486,Provider_486,Pharmacy,OH,10186.24,1752,0.0249,JCAHO,17
PRV0487,Provider_487,Pharmacy,GA,14902.77,1674,0.1463,DNV,12
PRV0488,Provider_488,Lab,PA,1900.22,4790,0.0534,JCAHO,15
PRV0489,Provider_489,Hospital,IL,12069.31,2957,0.0413,None,22
PRV0490,Provider_490,Specialist,NC,14779.55,1547,0.0497,JCAHO,21
PRV0491,Provider_491,Lab,PA,2569.22,4250,0.1062,DNV,26
PRV0492,Provider_492,Hospital,NC,5124.69,2628,0.1343,JCAHO,29
PRV0493,Provider_493,Clinic,TX,3464.93,2185,0.0253,JCAHO,24
PRV0494,Provider_494,Pharmacy,TX,8070.49,3948,0.0306,DNV,17
PRV0495,Provider_495,Hospital,CA,4599.26,525,0.0686,AAAHC,7
PRV0496,Provider_496,Lab,GA,4786.76,3896,0.1297,None,23
PRV0497,Provider_497,Hospital,MI,7942.36,1662,0.0564,DNV,15
PRV0498,Provider_498,Hospital,IL,14724.76,290,0.099,JCAHO,15
PRV0499,Provider_499,Lab,MI,10929.8,4087,0.1026,DNV,8
PRV0500,Provider_500,Specialist,GA,4321.25,2205,0.1049,None,20
